<configs><!-- Enable Pickup for Wooden Spike Traps --><append xpath="/blocks/block[@name='trapSpikesWoodMaster']"><property name="CanPickup" value="true"/></append><!-- Enable Pickup for Scrap Iron Spike Traps --><append xpath="/blocks/block[@name='trapSpikesScrapIronMaster']"><property name="CanPickup" value="true"/></append><!-- Enable Pickup for Candy Tin Landmine --><append xpath="/blocks/block[@name='mineCandyTin']"><property name="CanPickup" value="true"/></append><!-- Enable Pickup for Cooking Pot Landmine --><append xpath="/blocks/block[@name='mineCookingPot']"><property name="CanPickup" value="true"/></append><!-- Enable Pickup for Hubcap Landmine --><append xpath="/blocks/block[@name='mineHubcap']"><property name="CanPickup" value="true"/></append><!-- Enable Pickup for Air Filter Landmine --><append xpath="/blocks/block[@name='mineAirFilter']"><property name="CanPickup" value="true"/></append><!-- Enable Pickup for Barbed Wire Sheet --><append xpath="/blocks/block[@name='barbedWireSheet']"><property name="CanPickup" value="true"/></append><!-- Enable Pickup for Barbed Fence --><append xpath="/blocks/block[@name='barbedFence']"><property name="CanPickup" value="true"/></append><!-- Enable Pickup for Barbed Wire Spindle --><append xpath="/blocks/block[@name='barbedWireSpindle']"><property name="CanPickup" value="true"/></append><!-- Enable Pickup by Harvest Section --><!-- Blade Trap - Harvest to Pickup --><remove xpath="/blocks/block[@name='bladeTrap']/drop[@event='Harvest']"/><remove xpath="/blocks/block[@name='bladeTrap']/drop[@event='Destroy']"/><append xpath="/blocks/block[@name='bladeTrap']"><drop event="Destroy" name="bladeTrap" count="1"/><drop event="Harvest" name="resourceMechanicalParts" count="0"/><drop event="Harvest" name="resourceElectricParts" count="0"/><drop event="Harvest" name="resourceScrapIron" count="0"/><drop event="Harvest" name="resourceForgedSteel" count="0"/></append><!-- Electrical Fence Post --><remove xpath="/blocks/block[@name='electricfencepost']/drop[@event='Harvest']"/><remove xpath="/blocks/block[@name='electricfencepost']/drop[@event='Destroy']"/><append xpath="/blocks/block[@name='electricfencepost']"><drop event="Destroy" name="electricfencepost" count="1"/><drop event="Harvest" name="resourceElectricParts" count="0"/><drop event="Harvest" name="resourceScrapIron" count="0"/><drop event="Harvest" name="resourceForgedIron" count="0"/></append></configs>
